<?xml version="1.0" encoding="ISO-8859-1" ?>

<!DOCTYPE struts-config PUBLIC
    "-//Apache Software Foundation//DTD Struts Configuration 1.1//EN"
    "http://jakarta.apache.org/struts/dtds/struts-config_1_1.dtd">

<struts-config>

    <form-beans>
        <form-bean name="msgForm" type="net.thinksquared.webmail.WebmailForm"/>            
    </form-beans>

    <action-mappings>

        <action path="/SendMessage"
                type="net.thinksquared.webmail.SendMessageAction"
                name="msgForm"
                validate="true"
                scope="session"
                parameter="action"
                input="/index.jsp">

            <forward name="success" path="/out.jsp"/>

        </action>
   
    </action-mappings>

    <message-resources parameter="Application"/>

</struts-config>
