<?xml version="1.0" encoding="ISO-8859-1" ?>

<!DOCTYPE struts-config PUBLIC
    "-//Apache Software Foundation//DTD Struts Configuration 1.1//EN"
    "http://jakarta.apache.org/struts/dtds/struts-config_1_1.dtd">

<struts-config>

    <form-beans>
        <form-bean name="RegistrationForm" type="net.thinksquared.registration.RegistrationForm"/>
    </form-beans>

    <action-mappings>

        <action path="/Registration"
                type="net.thinksquared.registration.RegistrationAction"
                name="RegistrationForm"
                scope="request"
                validate="true"
                input="/index.jsp">

            <forward name="success" path="/index.jsp"/>

        </action>
    
    </action-mappings>

    <message-resources parameter="Application"/>

</struts-config>
