<?xml version="1.0" encoding="ISO-8859-1" ?>

<!DOCTYPE struts-config PUBLIC
    "-//Apache Software Foundation//DTD Struts Configuration 1.1//EN"
    "http://jakarta.apache.org/struts/dtds/struts-config_1_1.dtd">

<struts-config>

    <form-beans>
        <form-bean name="LogonForm" type="net.thinksquared.login.struts.LogonForm"/>
    </form-beans>

    <action-mappings>

        <action path="/Login"
                type="org.apache.struts.actions.ForwardAction"
                name="LogonForm"
                scope="session"
                validate="true"
                input="/index.jsp"
                parameter="/index.jsp"/>

        <action path="/Logoff"
                type="org.apache.struts.actions.ForwardAction"
                name="LogonForm"
                scope="session"
                validate="false"                
                parameter="/index.jsp"/>

        <action path="/LoginController"
                type="net.thinksquared.login.struts.UserLoginAction"
                name="LogonForm"
                scope="session"
                validate="false">

            <forward name="success"  path="/userlogin/success.jsp"/>
            <forward name="new-user" path="/userlogin/newuser.jsp"/>
            <forward name="regular"  path="/userlogin/regular.jsp"/>

        </action>
   
    </action-mappings>

    <controller contentType="text/html; charset=UTF-8" />

    <message-resources parameter="Application"/>

    <plug-in className="org.apache.struts.tiles.TilesPlugin" >
        <set-property property="definitions-config" value="/WEB-INF/tiles-defs.xml"/>
    </plug-in>

</struts-config>
