<?xml version="1.0" encoding="ISO-8859-1" ?>

<!DOCTYPE struts-config PUBLIC
    "-//Apache Software Foundation//DTD Struts Configuration 1.1//EN"
    "http://jakarta.apache.org/struts/dtds/struts-config_1_1.dtd">

<struts-config>

    <form-beans>
        <form-bean name="RegistrationForm" type="net.thinksquared.registration.RegistrationForm"/>
    </form-beans>

    <action-mappings>

        <action path="/Registration"
                type="net.thinksquared.registration.RegistrationAction"
                name="RegistrationForm"
                scope="request"
                validate="true"
                input="/registration.faces">

            <forward name="success" path="/registration.faces"/>

        </action>
    
    </action-mappings>

    <!-- LAB 20: Custom controller for Struts-Faces -->
    <controller>
          <set-property property="processorClass"
           value="org.apache.struts.faces.application.FacesRequestProcessor"/>
    </controller>

    <message-resources parameter="Application"/>

</struts-config>
