<?xml version="1.0" encoding="ISO-8859-1" ?>

<!DOCTYPE struts-config PUBLIC
    "-//Apache Software Foundation//DTD Struts Configuration 1.1//EN"
    "http://jakarta.apache.org/struts/dtds/struts-config_1_1.dtd">

<struts-config>

    <form-beans>
        <form-bean name="ContactFormBean" type="net.thinksquared.lilldep.struts.ContactForm"/>
        <form-bean name="ImportFormBean" type="net.thinksquared.lilldep.struts.ImportForm"/>
        <form-bean name="SelectionFormBean" type="org.apache.struts.action.DynaActionForm">            
            <form-property name="selected" type="java.lang.String[]" />
        </form-bean>
        <form-bean name="NewCollectionFormBean" 
                   type="org.apache.struts.validator.DynaValidatorActionForm">            
            <form-property name="name" type="java.lang.String" />
            <form-property name="query" type="java.lang.String" />
            <form-property name="memo" type="java.lang.String" />
        </form-bean>
    </form-beans>

    <action-mappings>

        <action path="/ContactFormHandler"
                type="net.thinksquared.lilldep.struts.ContactAction"
                name="ContactFormBean"
                scope="session"
                validate="false"
                input="/full.jsp"
                parameter="command">

            <forward name="success" path="/full.jsp"/>

        </action>

        <action path="/ContactFormHandlerMNC"
                type="net.thinksquared.lilldep.struts.ContactAction"
                name="ContactFormBean"
                scope="request"
                validate="false"
                input="/mnc.jsp"
                parameter="command">

            <forward name="success" path="/mnc.jsp"/>

        </action>

        <action path="/Listing"
                type="net.thinksquared.lilldep.struts.ListingAction">

            <forward name="success" path="/listing.jsp"/>            

        </action>

        <action path="/ImportForm"
                type="net.thinksquared.lilldep.struts.ImportAction"
                name="ImportFormBean"
                scope="request"
                validate="true"
                input="/import.jsp">

            <forward name="success" path="/Listing.do"/>            

        </action>
    
        <!-- NOTE: The scope for EditContact is "session", so the corresponding
                   scope for ContactFormHandler has to be "session" too-->

        <action path="/EditContact"
                type="net.thinksquared.lilldep.struts.EditContactAction"
                name="ContactFormBean"
                scope="session"
                validate="false"
                input="/Listing.do">

            <forward name="success" path="/full.jsp"/>            

        </action>

        <action path="/FindTile"
                type="net.thinksquared.lilldep.struts.FindAction"
                name="ContactFormBean"
                scope="session"
                validate="false"
                parameter="command"/>

        <action path="/DeleteContacts"
                type="net.thinksquared.lilldep.struts.DeleteContactsAction"
                name="SelectionFormBean"
                scope="request"
                validate="false"
                input="/Listing.do">

            <forward name="success" path="/Listing.do"/>            

        </action>

        <action path="/Collect"
                type="net.thinksquared.lilldep.struts.CollectAction">

            <forward name="success" path="/collect.jsp"/>            

        </action>

        <action path="/DeleteCollection"
                type="net.thinksquared.lilldep.struts.DeleteCollectionAction">

            <forward name="success" path="/Collect.do"/>            

        </action>

        <action path="/NewCollection"
                type="net.thinksquared.lilldep.struts.NewCollectionAction"
                name="NewCollectionFormBean"
                scope="request"
                validate="true"
                input="/new-collection.jsp">

            <exception key="lilldep.error.new-collection"
                      type="java.lang.Exception"
                      path="/new-collection.jsp"/>   

            <forward name="success" path="/list-collection.jsp"/>        

        </action>

        <action path="/ListCollection"
                type="net.thinksquared.lilldep.struts.ListCollectionAction"
                input="/collect.jsp">

            <forward name="success" path="/list-collection.jsp"/>        

        </action>


        <action path="/RemoveCollectionContacts"
                name="SelectionFormBean"
                scope="request"
                validate="false"
                type="net.thinksquared.lilldep.struts.RemoveCollectionContactsAction">

            <forward name="success" path="/list-collection.jsp"/>        

        </action>

        <action path="/AddContacts"
                type="net.thinksquared.lilldep.struts.ListingAction">

            <forward name="success" path="/select-listing.jsp"/>            

        </action>

        <action path="/AddCollectionContacts"
                name="SelectionFormBean"
                scope="request"
                validate="false"
                type="net.thinksquared.lilldep.struts.AddCollectionContactsAction">

            <forward name="success" path="/list-collection.jsp"/>        

        </action>

   
    </action-mappings>

    <message-resources parameter="Application"/>

    <plug-in className="org.apache.struts.tiles.TilesPlugin" >
        <set-property property="definitions-config" value="/WEB-INF/tiles-defs.xml"/>
    </plug-in>

    <plug-in className="org.apache.struts.validator.ValidatorPlugIn" >
        <set-property property="pathnames" 
                      value="/WEB-INF/validator-rules.xml,/WEB-INF/validation.xml"/>
    </plug-in>

</struts-config>
