<form-beans>

    <form-bean name=".vehicle" type="org.apache.struts.action.DynaActionForm" create="false">
        <form-property name="class"  type="java.lang.String"  initial="Unknown Class"/>
        <form-property name="height" type="java.lang.Integer" initial="0"/>
        <form-property name="width"  type="java.lang.Integer" initial="0"/>
    </form-bean>

    <form-bean name=".vehicle.ship" extends=".vehicle">
        <form-property name="class"  initial="Ship"/>
        <form-property name="height" initial="1000"/>
        <form-property name="name"   type="java.lang.String"/>
    </form-bean>

    <form-bean name=".vehicle.car" extends=".vehicle">
        <form-property name="class"  initial="Car"/>
        <form-property name="make"   type="java.lang.String"/>
        <form-property name="year"   type="java.lang.Integer"/>
    </form-bean>

</form-beans>