<?xml version="1.0" encoding="ISO-8859-1" ?>

<!DOCTYPE struts-config PUBLIC
    "-//Apache Software Foundation//DTD Struts Configuration 1.1//EN"
    "http://jakarta.apache.org/struts/dtds/struts-config_1_1.dtd">

<struts-config>

    <action-mappings>

        <action path="/TestShip"
                type="org.apache.struts.actions.ForwardAction"
                name=".vehicle.ship"
                validate="false"
                parameter="/ship.jsp"/>

        <action path="/TestCar"
                type="org.apache.struts.actions.ForwardAction"
                name=".vehicle.car"
                validate="false"
                parameter="/car.jsp"/>
   
    </action-mappings>

    <message-resources parameter="Application"/>

    <plug-in className="net.thinksquared.struts.dynaforms.DynaFormsPlugIn" >
        <set-property property="pathnames" value="/WEB-INF/form-beans.xml"/>
    </plug-in>

</struts-config>
