<?xml version="1.0" encoding="ISO-8859-1" ?>

<!DOCTYPE struts-config PUBLIC
    "-//Apache Software Foundation//DTD Struts Configuration 1.1//EN"
    "http://jakarta.apache.org/struts/dtds/struts-config_1_1.dtd">

<struts-config>

    <form-beans>
        <form-bean name="ContactFormBean" type="net.thinksquared.lilldep.struts.ContactForm"/>
        <form-bean name="ImportFormBean" type="net.thinksquared.lilldep.struts.ImportForm"/>
    </form-beans>

    <action-mappings>

        <action path="/ContactFormHandler"
                type="net.thinksquared.lilldep.struts.ContactAction"
                name="ContactFormBean"
                scope="session"
                validate="true"
                input="/full.jsp">

            <forward name="success" path="/full.jsp"/>

        </action>

        <action path="/ContactFormHandlerMNC"
                type="net.thinksquared.lilldep.struts.ContactAction"
                name="ContactFormBean"
                scope="request"
                validate="true"
                input="/mnc.jsp">

            <forward name="success" path="/mnc.jsp"/>

        </action>

        <action path="/Listing"
                type="net.thinksquared.lilldep.struts.ListingAction">

            <forward name="success" path="/listing.jsp"/>            

        </action>

        <action path="/ImportForm"
                type="net.thinksquared.lilldep.struts.ImportAction"
                name="ImportFormBean"
                scope="request"
                validate="true"
                input="/import.jsp">

            <forward name="success" path="/Listing.do"/>            

        </action>
    
        <!-- NOTE: The scope for EditContact is "session", so the corresponding
                   scope for ContactFormHandler has to be "session" too-->

        <action path="/EditContact"
                type="net.thinksquared.lilldep.struts.EditContactAction"
                name="ContactFormBean"
                scope="session"
                validate="false"
                input="/Listing.do">

            <forward name="success" path="/full.jsp"/>            

        </action>

   
    </action-mappings>

    <message-resources parameter="Application"/>

</struts-config>
