<?xml version="1.0"?>

<!DOCTYPE faces-config PUBLIC
  "-//Sun Microsystems, Inc.//DTD JavaServer Faces Config 1.0//EN"
  "http://java.sun.com/dtd/web-facesconfig_1_0.dtd">

<faces-config>

    <managed-bean>
        <managed-bean-name>user</managed-bean-name>
        <managed-bean-class>net.thinksquared.reg.User</managed-bean-class>
        <managed-bean-scope>request</managed-bean-scope>
    </managed-bean>

    <navigation-rule>
        <navigation-case>
            <from-outcome>register</from-outcome>
            <to-view-id>/register.jsp</to-view-id>
        </navigation-case>
        <navigation-case>
            <from-outcome>success</from-outcome>
            <to-view-id>/success.jsp</to-view-id>
        </navigation-case>
    </navigation-rule>

</faces-config>
