<?xml version="1.0" encoding="ISO-8859-1" ?>

<!DOCTYPE struts-config PUBLIC
    "-//Apache Software Foundation//DTD Struts Configuration 1.1//EN"
    "http://jakarta.apache.org/struts/dtds/struts-config_1_1.dtd">

<struts-config>

    <form-beans>
        <form-bean name="ContactFormBean" type="net.thinksquared.lilldep.struts.ContactForm"/>
    </form-beans>

    <action-mappings>

        <action path="/ContactFormHandler"
                type="net.thinksquared.lilldep.struts.ContactAction"
                name="ContactFormBean"
                scope="request"
                validate="true"
                input="/full.jsp">

            <forward name="success" path="/full.jsp"/>

        </action>

        <action path="/ContactFormHandlerMNC"
                type="net.thinksquared.lilldep.struts.ContactAction"
                name="ContactFormBean"
                scope="request"
                validate="true"
                input="/mnc.jsp">

            <forward name="success" path="/mnc.jsp"/>

        </action>

   
    </action-mappings>

    <message-resources parameter="Application"/>

</struts-config>
